URL,Last crawled
https://ahuriri-hawkes-bay.villageplumbers.co.nz/,1970-01-01
https://ahuriri-hawkes-bay.villageplumbers.co.nz/sewer-line-repair,1970-01-01
https://ahuriri-hawkes-bay.villageplumbers.co.nz/water-pressure-repairs,1970-01-01
https://ahuriri-hawkes-bay.villageplumbers.co.nz/water-softeners,1970-01-01
https://albany-auckland.villageplumbers.co.nz/emergency-plumbing,1970-01-01
https://albany-auckland.villageplumbers.co.nz/gas-hob-installation,1970-01-01
https://albany-auckland.villageplumbers.co.nz/gas-leak-detection,1970-01-01
https://alexandra-otago.villageplumbers.co.nz/pipe-relining,1970-01-01
https://alexandra-otago.villageplumbers.co.nz/water-leak-detection,1970-01-01
https://appleby-tasman.villageplumbers.co.nz/blocked-drain-unblocking,1970-01-01
https://appleby-tasman.villageplumbers.co.nz/no-hot-water-repair,1970-01-01
https://appleby-tasman.villageplumbers.co.nz/pipe-relining,1970-01-01
https://appleby-tasman.villageplumbers.co.nz/septic-tanks,1970-01-01
https://appleby-tasman.villageplumbers.co.nz/stormwater-drain-repair,1970-01-01
https://arrowtown-otago.villageplumbers.co.nz/blocked-toilet-repair,1970-01-01
https://arrowtown-otago.villageplumbers.co.nz/farm-plumbing,1970-01-01
https://arrowtown-otago.villageplumbers.co.nz/leaking-tap-repair,1970-01-01
https://arrowtown-otago.villageplumbers.co.nz/sewer-line-repair,1970-01-01
https://arrowtown-otago.villageplumbers.co.nz/shower-repair,1970-01-01
https://arrowtown-otago.villageplumbers.co.nz/stormwater-drain-repair,1970-01-01
https://arrowtown-otago.villageplumbers.co.nz/submersible-pumps,1970-01-01
https://ashburton-canterbury.villageplumbers.co.nz/cctv-drain-inspection,1970-01-01
https://ashburton-canterbury.villageplumbers.co.nz/drain-repairs,1970-01-01
https://ashburton-canterbury.villageplumbers.co.nz/kitchen-plumbing,1970-01-01
https://ashburton-canterbury.villageplumbers.co.nz/pipe-relining,1970-01-01
https://ashburton-canterbury.villageplumbers.co.nz/sewer-line-repair,1970-01-01
https://atawhai-nelson.villageplumbers.co.nz/,1970-01-01
https://atawhai-nelson.villageplumbers.co.nz/blocked-drain-unblocking,1970-01-01
https://atawhai-nelson.villageplumbers.co.nz/burst-pipe-repair,1970-01-01
https://atawhai-nelson.villageplumbers.co.nz/hydro-jetting,1970-01-01
https://atawhai-nelson.villageplumbers.co.nz/sewer-line-repair,1970-01-01
https://auckland.villageplumbers.co.nz/backflow-testing,1970-01-01
https://auckland.villageplumbers.co.nz/gas-hob-installation,1970-01-01
https://awapuni-gisborne.villageplumbers.co.nz/cctv-drain-inspection,1970-01-01
https://awapuni-gisborne.villageplumbers.co.nz/sewer-line-repair,1970-01-01
https://awapuni-manawatu-whanganui.villageplumbers.co.nz/cctv-drain-inspection,1970-01-01
https://awapuni-manawatu-whanganui.villageplumbers.co.nz/shower-repair,1970-01-01
https://balclutha-otago.villageplumbers.co.nz/hot-water-cylinder-repair,1970-01-01
https://balclutha-otago.villageplumbers.co.nz/no-hot-water-repair,1970-01-01
https://bay-of-plenty.villageplumbers.co.nz/backflow-testing,1970-01-01
https://bay-of-plenty.villageplumbers.co.nz/bathroom-renovations,1970-01-01
https://bay-of-plenty.villageplumbers.co.nz/burst-pipe-repair,1970-01-01
https://bay-of-plenty.villageplumbers.co.nz/farm-plumbing,1970-01-01
https://bay-of-plenty.villageplumbers.co.nz/hot-water-cylinder-repair,1970-01-01
https://bay-of-plenty.villageplumbers.co.nz/hydro-jetting,1970-01-01
https://bay-of-plenty.villageplumbers.co.nz/new-build-plumbing,1970-01-01
https://bay-of-plenty.villageplumbers.co.nz/pre-purchase-plumbing-inspections,1970-01-01
https://bay-of-plenty.villageplumbers.co.nz/shower-repair,1970-01-01
https://bay-view-hawkes-bay.villageplumbers.co.nz/,1970-01-01
https://bay-view-hawkes-bay.villageplumbers.co.nz/shower-repair,1970-01-01
https://bell-block-taranaki.villageplumbers.co.nz/gasfitting-repairs,1970-01-01
https://bishopdale-nelson.villageplumbers.co.nz/,1970-01-01
https://bishopdale-nelson.villageplumbers.co.nz/burst-pipe-repair,1970-01-01
https://bishopdale-nelson.villageplumbers.co.nz/drain-repairs,1970-01-01
https://blackball-west-coast.villageplumbers.co.nz/24-hour-plumber,1970-01-01
https://blackball-west-coast.villageplumbers.co.nz/farm-plumbing,1970-01-01
https://blackball-west-coast.villageplumbers.co.nz/gasfitting-repairs,1970-01-01
https://blackball-west-coast.villageplumbers.co.nz/pipe-relining,1970-01-01
https://blackball-west-coast.villageplumbers.co.nz/water-tanks,1970-01-01
https://blagdon-taranaki.villageplumbers.co.nz/leaking-pipe-repair,1970-01-01
https://blagdon-taranaki.villageplumbers.co.nz/pipe-relining,1970-01-01
https://blaketown-west-coast.villageplumbers.co.nz/water-tanks,1970-01-01
https://blenheim-central-marlborough.villageplumbers.co.nz/toilet-installation-repair,1970-01-01
https://bluff-southland.villageplumbers.co.nz/,1970-01-01
https://bluff-southland.villageplumbers.co.nz/24-hour-plumber,1970-01-01
https://bluff-southland.villageplumbers.co.nz/cctv-drain-inspection,1970-01-01
https://bluff-southland.villageplumbers.co.nz/freeze-protection,1970-01-01
https://bluff-southland.villageplumbers.co.nz/gas-leak-detection,1970-01-01
https://bluff-southland.villageplumbers.co.nz/water-pressure-repairs,1970-01-01
https://bluff-southland.villageplumbers.co.nz/water-softeners,1970-01-01
https://botany-downs-auckland.villageplumbers.co.nz/blocked-toilet-repair,1970-01-01
https://botany-downs-auckland.villageplumbers.co.nz/gas-hob-installation,1970-01-01
https://botany-downs-auckland.villageplumbers.co.nz/kitchen-plumbing,1970-01-01
https://botany-downs-auckland.villageplumbers.co.nz/pipe-relining,1970-01-01
https://botany-downs-auckland.villageplumbers.co.nz/toilet-installation-repair,1970-01-01
https://brightwater-tasman.villageplumbers.co.nz/,1970-01-01
https://brightwater-tasman.villageplumbers.co.nz/blocked-drain-unblocking,1970-01-01
https://brightwater-tasman.villageplumbers.co.nz/gas-leak-detection,1970-01-01
https://brightwater-tasman.villageplumbers.co.nz/hot-water-cylinder-installation,1970-01-01
https://brightwater-tasman.villageplumbers.co.nz/stormwater-drain-repair,1970-01-01
https://britannia-heights-nelson.villageplumbers.co.nz/pipe-relining,1970-01-01
https://bulls-manawatu-whanganui.villageplumbers.co.nz/cctv-drain-inspection,1970-01-01
https://bulls-manawatu-whanganui.villageplumbers.co.nz/hydro-jetting,1970-01-01
https://bulls-manawatu-whanganui.villageplumbers.co.nz/leaking-pipe-repair,1970-01-01
https://bulls-manawatu-whanganui.villageplumbers.co.nz/leaking-tap-repair,1970-01-01
https://cambridge-waikato.villageplumbers.co.nz/gas-fireplace-installation,1970-01-01
https://cambridge-waikato.villageplumbers.co.nz/leaking-pipe-repair,1970-01-01
https://cambridge-waikato.villageplumbers.co.nz/sewer-line-repair,1970-01-01
https://cambridge-waikato.villageplumbers.co.nz/submersible-pumps,1970-01-01
https://canterbury.villageplumbers.co.nz/blocked-drain-unblocking,1970-01-01
https://canterbury.villageplumbers.co.nz/drain-repairs,1970-01-01
https://canterbury.villageplumbers.co.nz/emergency-plumbing,1970-01-01
https://canterbury.villageplumbers.co.nz/gas-hob-installation,1970-01-01
https://canterbury.villageplumbers.co.nz/leaking-pipe-repair,1970-01-01
https://canterbury.villageplumbers.co.nz/sewer-line-repair,1970-01-01
https://canterbury.villageplumbers.co.nz/shower-repair,1970-01-01
https://canterbury.villageplumbers.co.nz/water-leak-detection,1970-01-01
https://canterbury.villageplumbers.co.nz/water-pressure-repairs,1970-01-01
https://cashmere-canterbury.villageplumbers.co.nz/backflow-testing,1970-01-01
https://cashmere-canterbury.villageplumbers.co.nz/bathroom-plumbing,1970-01-01
https://cashmere-canterbury.villageplumbers.co.nz/gas-hob-installation,1970-01-01
https://cashmere-canterbury.villageplumbers.co.nz/gas-leak-detection,1970-01-01
https://cashmere-canterbury.villageplumbers.co.nz/gutter-downpipe-repairs,1970-01-01
https://chartwell-waikato.villageplumbers.co.nz/burst-pipe-repair,1970-01-01
https://chartwell-waikato.villageplumbers.co.nz/gutter-downpipe-repairs,1970-01-01
https://chartwell-waikato.villageplumbers.co.nz/water-leak-detection,1970-01-01
https://chartwell-waikato.villageplumbers.co.nz/water-softeners,1970-01-01
https://christchurch-central-canterbury.villageplumbers.co.nz/cctv-drain-inspection,1970-01-01
https://christchurch-central-canterbury.villageplumbers.co.nz/commercial-plumbing,1970-01-01
https://christchurch-central-canterbury.villageplumbers.co.nz/freeze-protection,1970-01-01
https://christchurch-central-canterbury.villageplumbers.co.nz/gas-hob-installation,1970-01-01
https://christchurch-central-canterbury.villageplumbers.co.nz/radiator-heating,1970-01-01
https://christchurch-central-canterbury.villageplumbers.co.nz/sewer-line-repair,1970-01-01
https://christchurch-central-canterbury.villageplumbers.co.nz/tmv-servicing,1970-01-01
https://clive-hawkes-bay.villageplumbers.co.nz/,1970-01-01
https://clive-hawkes-bay.villageplumbers.co.nz/leaking-tap-repair,1970-01-01
https://clive-hawkes-bay.villageplumbers.co.nz/shower-repair,1970-01-01
https://cobden-west-coast.villageplumbers.co.nz/stormwater-drain-repair,1970-01-01
https://cobden-west-coast.villageplumbers.co.nz/water-softeners,1970-01-01
https://collingwood-tasman.villageplumbers.co.nz/emergency-plumbing,1970-01-01
https://collingwood-tasman.villageplumbers.co.nz/kitchen-plumbing,1970-01-01
https://collingwood-tasman.villageplumbers.co.nz/water-leak-detection,1970-01-01
https://cromwell-otago.villageplumbers.co.nz/hydro-jetting,1970-01-01
https://cromwell-otago.villageplumbers.co.nz/pipe-relining,1970-01-01
https://cromwell-otago.villageplumbers.co.nz/shower-repair,1970-01-01
https://cromwell-otago.villageplumbers.co.nz/water-softeners,1970-01-01
https://dannevirke-manawatu-whanganui.villageplumbers.co.nz/blocked-drain-unblocking,1970-01-01
https://dannevirke-manawatu-whanganui.villageplumbers.co.nz/drain-repairs,1970-01-01
https://dannevirke-manawatu-whanganui.villageplumbers.co.nz/emergency-plumbing,1970-01-01
https://dannevirke-manawatu-whanganui.villageplumbers.co.nz/gas-leak-detection,1970-01-01
https://dannevirke-manawatu-whanganui.villageplumbers.co.nz/submersible-pumps,1970-01-01
https://dargaville-northland.villageplumbers.co.nz/sewer-line-repair,1970-01-01
https://dargaville-northland.villageplumbers.co.nz/stormwater-drain-repair,1970-01-01
https://devonport-auckland.villageplumbers.co.nz/continuous-flow-gas-hot-water,1970-01-01
https://devonport-auckland.villageplumbers.co.nz/gas-leak-detection,1970-01-01
https://devonport-auckland.villageplumbers.co.nz/gutter-downpipe-repairs,1970-01-01
https://devonport-auckland.villageplumbers.co.nz/hot-water-cylinder-repair,1970-01-01
https://dinsdale-waikato.villageplumbers.co.nz/bathroom-plumbing,1970-01-01
https://dinsdale-waikato.villageplumbers.co.nz/blocked-drain-unblocking,1970-01-01
https://dobson-west-coast.villageplumbers.co.nz/24-hour-plumber,1970-01-01
https://dobson-west-coast.villageplumbers.co.nz/blocked-drain-unblocking,1970-01-01
https://dobson-west-coast.villageplumbers.co.nz/cctv-drain-inspection,1970-01-01
https://dobson-west-coast.villageplumbers.co.nz/sewer-line-repair,1970-01-01
https://dunedin-central-otago.villageplumbers.co.nz/shower-repair,1970-01-01
https://edendale-southland.villageplumbers.co.nz/24-hour-plumber,1970-01-01
https://edendale-southland.villageplumbers.co.nz/bathroom-plumbing,1970-01-01
https://edendale-southland.villageplumbers.co.nz/burst-pipe-repair,1970-01-01
https://edendale-southland.villageplumbers.co.nz/hydro-jetting,1970-01-01
https://edendale-southland.villageplumbers.co.nz/sewer-line-repair,1970-01-01
https://edendale-southland.villageplumbers.co.nz/water-leak-detection,1970-01-01
https://eltham-taranaki.villageplumbers.co.nz/blocked-toilet-repair,1970-01-01
https://eltham-taranaki.villageplumbers.co.nz/cctv-drain-inspection,1970-01-01
https://eltham-taranaki.villageplumbers.co.nz/commercial-plumbing,1970-01-01
https://eltham-taranaki.villageplumbers.co.nz/kitchen-plumbing,1970-01-01
https://eltham-taranaki.villageplumbers.co.nz/sewer-line-repair,1970-01-01
https://eltham-taranaki.villageplumbers.co.nz/shower-repair,1970-01-01
https://epsom-auckland.villageplumbers.co.nz/drain-repairs,1970-01-01
https://epsom-auckland.villageplumbers.co.nz/kitchen-plumbing,1970-01-01
https://fairy-springs-bay-of-plenty.villageplumbers.co.nz/continuous-flow-gas-hot-water,1970-01-01
https://fairy-springs-bay-of-plenty.villageplumbers.co.nz/leaking-pipe-repair,1970-01-01
https://fairy-springs-bay-of-plenty.villageplumbers.co.nz/no-hot-water-repair,1970-01-01
https://fairy-springs-bay-of-plenty.villageplumbers.co.nz/tmv-servicing,1970-01-01
https://feilding-manawatu-whanganui.villageplumbers.co.nz/leaking-tap-repair,1970-01-01
https://fendalton-canterbury.villageplumbers.co.nz/bathroom-plumbing,1970-01-01
https://fendalton-canterbury.villageplumbers.co.nz/drain-repairs,1970-01-01
https://fendalton-canterbury.villageplumbers.co.nz/freeze-protection,1970-01-01
https://fendalton-canterbury.villageplumbers.co.nz/gasfitting-repairs,1970-01-01
https://fitzroy-taranaki.villageplumbers.co.nz/commercial-plumbing,1970-01-01
https://fitzroy-taranaki.villageplumbers.co.nz/leaking-pipe-repair,1970-01-01
https://fitzroy-taranaki.villageplumbers.co.nz/septic-tanks,1970-01-01
https://fitzroy-taranaki.villageplumbers.co.nz/toilet-installation-repair,1970-01-01
https://flaxmere-hawkes-bay.villageplumbers.co.nz/leaking-tap-repair,1970-01-01
https://flaxmere-hawkes-bay.villageplumbers.co.nz/shower-repair,1970-01-01
https://flaxmere-hawkes-bay.villageplumbers.co.nz/stormwater-drain-repair,1970-01-01
https://fox-glacier-west-coast.villageplumbers.co.nz/bathroom-plumbing,1970-01-01
https://fox-glacier-west-coast.villageplumbers.co.nz/blocked-toilet-repair,1970-01-01
https://fox-glacier-west-coast.villageplumbers.co.nz/leaking-pipe-repair,1970-01-01
https://fox-glacier-west-coast.villageplumbers.co.nz/leaking-tap-repair,1970-01-01
https://fox-glacier-west-coast.villageplumbers.co.nz/septic-tanks,1970-01-01
https://fox-glacier-west-coast.villageplumbers.co.nz/underfloor-heating,1970-01-01
https://foxton-manawatu-whanganui.villageplumbers.co.nz/24-hour-plumber,1970-01-01
https://foxton-manawatu-whanganui.villageplumbers.co.nz/blocked-toilet-repair,1970-01-01
https://foxton-manawatu-whanganui.villageplumbers.co.nz/farm-plumbing,1970-01-01
https://foxton-manawatu-whanganui.villageplumbers.co.nz/gas-leak-detection,1970-01-01
https://foxton-manawatu-whanganui.villageplumbers.co.nz/no-hot-water-repair,1970-01-01
https://foxton-manawatu-whanganui.villageplumbers.co.nz/pipe-relining,1970-01-01
https://frankton-otago.villageplumbers.co.nz/gasfitting-repairs,1970-01-01
https://frankton-otago.villageplumbers.co.nz/radiator-heating,1970-01-01
https://frankton-otago.villageplumbers.co.nz/water-tanks,1970-01-01
https://frankton-waikato.villageplumbers.co.nz/24-hour-plumber,1970-01-01
https://frankton-waikato.villageplumbers.co.nz/backflow-testing,1970-01-01
https://frankton-waikato.villageplumbers.co.nz/blocked-drain-unblocking,1970-01-01
https://frankton-waikato.villageplumbers.co.nz/burst-pipe-repair,1970-01-01
https://frankton-waikato.villageplumbers.co.nz/farm-plumbing,1970-01-01
https://frankton-waikato.villageplumbers.co.nz/grease-traps,1970-01-01
https://frankton-waikato.villageplumbers.co.nz/gutter-downpipe-repairs,1970-01-01
https://frankton-waikato.villageplumbers.co.nz/pre-purchase-plumbing-inspections,1970-01-01
https://frankton-waikato.villageplumbers.co.nz/tmv-servicing,1970-01-01
https://franz-josef-west-coast.villageplumbers.co.nz/,1970-01-01
https://franz-josef-west-coast.villageplumbers.co.nz/farm-plumbing,1970-01-01
https://gisborne-central-gisborne.villageplumbers.co.nz/blocked-drain-unblocking,1970-01-01
https://gisborne-central-gisborne.villageplumbers.co.nz/shower-repair,1970-01-01
https://gisborne.villageplumbers.co.nz/blocked-toilet-repair,1970-01-01
https://gisborne.villageplumbers.co.nz/burst-pipe-repair,1970-01-01
https://gisborne.villageplumbers.co.nz/hot-water-cylinder-installation,1970-01-01
https://gisborne.villageplumbers.co.nz/no-hot-water-repair,1970-01-01
https://gisborne.villageplumbers.co.nz/shower-repair,1970-01-01
https://gladstone-southland.villageplumbers.co.nz/freeze-protection,1970-01-01
https://gladstone-southland.villageplumbers.co.nz/pipe-relining,1970-01-01
https://gladstone-southland.villageplumbers.co.nz/septic-tanks,1970-01-01
https://gladstone-southland.villageplumbers.co.nz/stormwater-drain-repair,1970-01-01
https://gladstone-southland.villageplumbers.co.nz/water-leak-detection,1970-01-01
https://gore-southland.villageplumbers.co.nz/24-hour-plumber,1970-01-01
https://gore-southland.villageplumbers.co.nz/cctv-drain-inspection,1970-01-01
https://gore-southland.villageplumbers.co.nz/commercial-plumbing,1970-01-01
https://gore-southland.villageplumbers.co.nz/hot-water-cylinder-repair,1970-01-01
https://gore-southland.villageplumbers.co.nz/leaking-pipe-repair,1970-01-01
https://granity-west-coast.villageplumbers.co.nz/gas-leak-detection,1970-01-01
https://granity-west-coast.villageplumbers.co.nz/underfloor-heating,1970-01-01
https://granity-west-coast.villageplumbers.co.nz/water-pressure-repairs,1970-01-01
https://green-island-otago.villageplumbers.co.nz/emergency-plumbing,1970-01-01
https://green-island-otago.villageplumbers.co.nz/water-softeners,1970-01-01
https://greerton-bay-of-plenty.villageplumbers.co.nz/24-hour-plumber,1970-01-01
https://greerton-bay-of-plenty.villageplumbers.co.nz/cctv-drain-inspection,1970-01-01
https://greerton-bay-of-plenty.villageplumbers.co.nz/gas-fireplace-installation,1970-01-01
https://grey-lynn-auckland.villageplumbers.co.nz/24-hour-plumber,1970-01-01
https://grey-lynn-auckland.villageplumbers.co.nz/blocked-drain-unblocking,1970-01-01
https://grey-lynn-auckland.villageplumbers.co.nz/kitchen-plumbing,1970-01-01
https://greymouth-central-west-coast.villageplumbers.co.nz/blocked-drain-unblocking,1970-01-01
https://greymouth-central-west-coast.villageplumbers.co.nz/commercial-plumbing,1970-01-01
https://greymouth-central-west-coast.villageplumbers.co.nz/emergency-plumbing,1970-01-01
https://greymouth-central-west-coast.villageplumbers.co.nz/freeze-protection,1970-01-01
https://greymouth-central-west-coast.villageplumbers.co.nz/submersible-pumps,1970-01-01
https://grovetown-marlborough.villageplumbers.co.nz/burst-pipe-repair,1970-01-01
https://grovetown-marlborough.villageplumbers.co.nz/drain-repairs,1970-01-01
https://grovetown-marlborough.villageplumbers.co.nz/gasfitting-repairs,1970-01-01
https://grovetown-marlborough.villageplumbers.co.nz/kitchen-plumbing,1970-01-01
https://grovetown-marlborough.villageplumbers.co.nz/no-hot-water-repair,1970-01-01
https://grovetown-marlborough.villageplumbers.co.nz/water-pressure-repairs,1970-01-01
https://halswell-canterbury.villageplumbers.co.nz/hydro-jetting,1970-01-01
https://halswell-canterbury.villageplumbers.co.nz/leaking-pipe-repair,1970-01-01
https://halswell-canterbury.villageplumbers.co.nz/water-pressure-repairs,1970-01-01
https://hamilton-central-waikato.villageplumbers.co.nz/,1970-01-01
https://hamilton-central-waikato.villageplumbers.co.nz/bathroom-renovations,1970-01-01
https://hamilton-central-waikato.villageplumbers.co.nz/blocked-drain-unblocking,1970-01-01
https://hamilton-central-waikato.villageplumbers.co.nz/drain-repairs,1970-01-01
https://hamilton-central-waikato.villageplumbers.co.nz/gutter-downpipe-repairs,1970-01-01
https://hamilton-central-waikato.villageplumbers.co.nz/pipe-relining,1970-01-01
https://hamilton-central-waikato.villageplumbers.co.nz/water-tanks,1970-01-01
https://hargest-southland.villageplumbers.co.nz/blocked-drain-unblocking,1970-01-01
https://hargest-southland.villageplumbers.co.nz/leaking-tap-repair,1970-01-01
https://hargest-southland.villageplumbers.co.nz/radiator-heating,1970-01-01
https://hargest-southland.villageplumbers.co.nz/underfloor-heating,1970-01-01
https://hargest-southland.villageplumbers.co.nz/water-tanks,1970-01-01
https://haruru-northland.villageplumbers.co.nz/gas-leak-detection,1970-01-01
https://haruru-northland.villageplumbers.co.nz/water-leak-detection,1970-01-01
https://hastings-central-hawkes-bay.villageplumbers.co.nz/cctv-drain-inspection,1970-01-01
https://hastings-central-hawkes-bay.villageplumbers.co.nz/gas-leak-detection,1970-01-01
https://hastings-central-hawkes-bay.villageplumbers.co.nz/no-hot-water-repair,1970-01-01
https://haumoana-hawkes-bay.villageplumbers.co.nz/farm-plumbing,1970-01-01
https://haumoana-hawkes-bay.villageplumbers.co.nz/leaking-pipe-repair,1970-01-01
https://haumoana-hawkes-bay.villageplumbers.co.nz/no-hot-water-repair,1970-01-01
https://haumoana-hawkes-bay.villageplumbers.co.nz/septic-tanks,1970-01-01
https://haumoana-hawkes-bay.villageplumbers.co.nz/sewer-line-repair,1970-01-01
https://haumoana-hawkes-bay.villageplumbers.co.nz/shower-repair,1970-01-01
https://haumoana-hawkes-bay.villageplumbers.co.nz/stormwater-drain-repair,1970-01-01
https://havelock-marlborough.villageplumbers.co.nz/blocked-drain-unblocking,1970-01-01
https://havelock-marlborough.villageplumbers.co.nz/leaking-pipe-repair,1970-01-01
https://havelock-marlborough.villageplumbers.co.nz/pipe-relining,1970-01-01
https://havelock-marlborough.villageplumbers.co.nz/septic-tanks,1970-01-01
https://havelock-marlborough.villageplumbers.co.nz/toilet-installation-repair,1970-01-01
https://havelock-north-hawkes-bay.villageplumbers.co.nz/bathroom-plumbing,1970-01-01
https://havelock-north-hawkes-bay.villageplumbers.co.nz/blocked-drain-unblocking,1970-01-01
https://havelock-north-hawkes-bay.villageplumbers.co.nz/hot-water-cylinder-repair,1970-01-01
https://havelock-north-hawkes-bay.villageplumbers.co.nz/stormwater-drain-repair,1970-01-01
https://hawera-taranaki.villageplumbers.co.nz/blocked-toilet-repair,1970-01-01
https://hawera-taranaki.villageplumbers.co.nz/commercial-plumbing,1970-01-01
https://hawera-taranaki.villageplumbers.co.nz/drain-repairs,1970-01-01
https://hawera-taranaki.villageplumbers.co.nz/gas-leak-detection,1970-01-01
https://hawera-taranaki.villageplumbers.co.nz/water-pressure-repairs,1970-01-01
https://hawera-taranaki.villageplumbers.co.nz/water-tanks,1970-01-01
https://hawkes-bay.villageplumbers.co.nz/emergency-plumbing,1970-01-01
https://hawkes-bay.villageplumbers.co.nz/hot-water-cylinder-repair,1970-01-01
https://hawkes-bay.villageplumbers.co.nz/hydro-jetting,1970-01-01
https://hawkes-bay.villageplumbers.co.nz/leaking-tap-repair,1970-01-01
https://henderson-auckland.villageplumbers.co.nz/bathroom-renovations,1970-01-01
https://henderson-auckland.villageplumbers.co.nz/gas-fireplace-installation,1970-01-01
https://henderson-auckland.villageplumbers.co.nz/gas-hob-installation,1970-01-01
https://henderson-auckland.villageplumbers.co.nz/grease-traps,1970-01-01
https://henderson-auckland.villageplumbers.co.nz/pipe-relining,1970-01-01
https://henderson-auckland.villageplumbers.co.nz/shower-repair,1970-01-01
https://henderson-auckland.villageplumbers.co.nz/water-leak-detection,1970-01-01
https://hillcrest-waikato.villageplumbers.co.nz/bathroom-renovations,1970-01-01
https://hillcrest-waikato.villageplumbers.co.nz/blocked-toilet-repair,1970-01-01
https://hillcrest-waikato.villageplumbers.co.nz/toilet-installation-repair,1970-01-01
https://hokitika-west-coast.villageplumbers.co.nz/farm-plumbing,1970-01-01
https://hokitika-west-coast.villageplumbers.co.nz/gasfitting-repairs,1970-01-01
https://hokitika-west-coast.villageplumbers.co.nz/leaking-pipe-repair,1970-01-01
https://hokitika-west-coast.villageplumbers.co.nz/no-hot-water-repair,1970-01-01
https://hokitika-west-coast.villageplumbers.co.nz/toilet-installation-repair,1970-01-01
https://hokitika-west-coast.villageplumbers.co.nz/water-pressure-repairs,1970-01-01
https://hokowhitu-manawatu-whanganui.villageplumbers.co.nz/hot-water-cylinder-repair,1970-01-01
https://hokowhitu-manawatu-whanganui.villageplumbers.co.nz/shower-repair,1970-01-01
https://hope-tasman.villageplumbers.co.nz/kitchen-plumbing,1970-01-01
https://hope-tasman.villageplumbers.co.nz/stormwater-drain-repair,1970-01-01
https://hornby-canterbury.villageplumbers.co.nz/gas-fireplace-installation,1970-01-01
https://hornby-canterbury.villageplumbers.co.nz/grease-traps,1970-01-01
https://hornby-canterbury.villageplumbers.co.nz/radiator-heating,1970-01-01
https://hornby-canterbury.villageplumbers.co.nz/underfloor-heating,1970-01-01
https://hornby-canterbury.villageplumbers.co.nz/water-softeners,1970-01-01
https://howick-auckland.villageplumbers.co.nz/cctv-drain-inspection,1970-01-01
https://howick-auckland.villageplumbers.co.nz/drain-repairs,1970-01-01
https://huntly-waikato.villageplumbers.co.nz/bathroom-renovations,1970-01-01
https://huntly-waikato.villageplumbers.co.nz/pre-purchase-plumbing-inspections,1970-01-01
https://huntly-waikato.villageplumbers.co.nz/water-tanks,1970-01-01
https://inglewood-taranaki.villageplumbers.co.nz/burst-pipe-repair,1970-01-01
https://inglewood-taranaki.villageplumbers.co.nz/pipe-relining,1970-01-01
https://invercargill-central-southland.villageplumbers.co.nz/burst-pipe-repair,1970-01-01
https://invercargill-central-southland.villageplumbers.co.nz/radiator-heating,1970-01-01
https://invercargill-central-southland.villageplumbers.co.nz/submersible-pumps,1970-01-01
https://island-bay-wellington.villageplumbers.co.nz/,1970-01-01
https://island-bay-wellington.villageplumbers.co.nz/emergency-plumbing,1970-01-01
https://island-bay-wellington.villageplumbers.co.nz/water-pressure-repairs,1970-01-01
https://johnsonville-wellington.villageplumbers.co.nz/bathroom-plumbing,1970-01-01
https://johnsonville-wellington.villageplumbers.co.nz/burst-pipe-repair,1970-01-01
https://johnsonville-wellington.villageplumbers.co.nz/gasfitting-repairs,1970-01-01
https://johnsonville-wellington.villageplumbers.co.nz/leaking-tap-repair,1970-01-01
https://judea-bay-of-plenty.villageplumbers.co.nz/commercial-plumbing,1970-01-01
https://judea-bay-of-plenty.villageplumbers.co.nz/kitchen-plumbing,1970-01-01
https://judea-bay-of-plenty.villageplumbers.co.nz/no-hot-water-repair,1970-01-01
https://judea-bay-of-plenty.villageplumbers.co.nz/pipe-relining,1970-01-01
https://judea-bay-of-plenty.villageplumbers.co.nz/pre-purchase-plumbing-inspections,1970-01-01
https://kaiapoi-canterbury.villageplumbers.co.nz/leaking-tap-repair,1970-01-01
https://kaiapoi-canterbury.villageplumbers.co.nz/radiator-heating,1970-01-01
https://kaiapoi-canterbury.villageplumbers.co.nz/shower-repair,1970-01-01
https://kaiapoi-canterbury.villageplumbers.co.nz/stormwater-drain-repair,1970-01-01
https://kaiapoi-canterbury.villageplumbers.co.nz/tmv-servicing,1970-01-01
https://kaiapoi-canterbury.villageplumbers.co.nz/water-pressure-repairs,1970-01-01
https://kaikohe-northland.villageplumbers.co.nz/leaking-tap-repair,1970-01-01
https://kaitaia-northland.villageplumbers.co.nz/emergency-plumbing,1970-01-01
https://kaitaia-northland.villageplumbers.co.nz/water-leak-detection,1970-01-01
https://kaiteriteri-tasman.villageplumbers.co.nz/emergency-plumbing,1970-01-01
https://kaiteriteri-tasman.villageplumbers.co.nz/toilet-installation-repair,1970-01-01
https://kaiteriteri-tasman.villageplumbers.co.nz/water-softeners,1970-01-01
https://kamo-northland.villageplumbers.co.nz/hot-water-cylinder-repair,1970-01-01
https://kamo-northland.villageplumbers.co.nz/leaking-pipe-repair,1970-01-01
https://karamea-west-coast.villageplumbers.co.nz/bathroom-plumbing,1970-01-01
https://karamea-west-coast.villageplumbers.co.nz/gasfitting-repairs,1970-01-01
https://karamea-west-coast.villageplumbers.co.nz/radiator-heating,1970-01-01
https://karamea-west-coast.villageplumbers.co.nz/submersible-pumps,1970-01-01
https://karori-wellington.villageplumbers.co.nz/burst-pipe-repair,1970-01-01
https://karori-wellington.villageplumbers.co.nz/sewer-line-repair,1970-01-01
https://karori-wellington.villageplumbers.co.nz/tmv-servicing,1970-01-01
https://katikati-bay-of-plenty.villageplumbers.co.nz/tmv-servicing,1970-01-01
https://kawakawa-northland.villageplumbers.co.nz/kitchen-plumbing,1970-01-01
https://kawakawa-northland.villageplumbers.co.nz/shower-repair,1970-01-01
https://kawakawa-northland.villageplumbers.co.nz/water-pressure-repairs,1970-01-01
https://kawakawa-northland.villageplumbers.co.nz/water-softeners,1970-01-01
https://kawerau-bay-of-plenty.villageplumbers.co.nz/,1970-01-01
https://kawerau-bay-of-plenty.villageplumbers.co.nz/backflow-testing,1970-01-01
https://kawerau-bay-of-plenty.villageplumbers.co.nz/hot-water-cylinder-repair,1970-01-01
https://kawerau-bay-of-plenty.villageplumbers.co.nz/leaking-tap-repair,1970-01-01
https://kawerau-bay-of-plenty.villageplumbers.co.nz/water-softeners,1970-01-01
https://kawerau-bay-of-plenty.villageplumbers.co.nz/water-tanks,1970-01-01
https://kelvin-grove-manawatu-whanganui.villageplumbers.co.nz/gasfitting-repairs,1970-01-01
https://kelvin-grove-manawatu-whanganui.villageplumbers.co.nz/kitchen-plumbing,1970-01-01
https://kelvin-grove-manawatu-whanganui.villageplumbers.co.nz/shower-repair,1970-01-01
https://kerikeri-northland.villageplumbers.co.nz/hot-water-cylinder-installation,1970-01-01
https://kerikeri-northland.villageplumbers.co.nz/water-pressure-repairs,1970-01-01
https://khandallah-wellington.villageplumbers.co.nz/gas-leak-detection,1970-01-01
https://khandallah-wellington.villageplumbers.co.nz/gutter-downpipe-repairs,1970-01-01
https://khandallah-wellington.villageplumbers.co.nz/leaking-tap-repair,1970-01-01
https://khandallah-wellington.villageplumbers.co.nz/water-pressure-repairs,1970-01-01
https://kilbirnie-wellington.villageplumbers.co.nz/toilet-installation-repair,1970-01-01
https://kilbirnie-wellington.villageplumbers.co.nz/water-pressure-repairs,1970-01-01
https://levin-manawatu-whanganui.villageplumbers.co.nz/drain-repairs,1970-01-01
https://levin-manawatu-whanganui.villageplumbers.co.nz/hot-water-cylinder-installation,1970-01-01
https://levin-manawatu-whanganui.villageplumbers.co.nz/leaking-tap-repair,1970-01-01
https://levin-manawatu-whanganui.villageplumbers.co.nz/water-leak-detection,1970-01-01
https://linwood-canterbury.villageplumbers.co.nz/bathroom-renovations,1970-01-01
https://linwood-canterbury.villageplumbers.co.nz/cctv-drain-inspection,1970-01-01
https://linwood-canterbury.villageplumbers.co.nz/new-build-plumbing,1970-01-01
https://linwood-canterbury.villageplumbers.co.nz/underfloor-heating,1970-01-01
https://lower-hutt-wellington.villageplumbers.co.nz/gas-fireplace-installation,1970-01-01
https://lower-hutt-wellington.villageplumbers.co.nz/toilet-installation-repair,1970-01-01
https://lower-moutere-tasman.villageplumbers.co.nz/blocked-toilet-repair,1970-01-01
https://lower-moutere-tasman.villageplumbers.co.nz/emergency-plumbing,1970-01-01
https://lower-moutere-tasman.villageplumbers.co.nz/toilet-installation-repair,1970-01-01
https://lower-moutere-tasman.villageplumbers.co.nz/water-leak-detection,1970-01-01
https://lumsden-southland.villageplumbers.co.nz/toilet-installation-repair,1970-01-01
https://lumsden-southland.villageplumbers.co.nz/water-pressure-repairs,1970-01-01
https://lyall-bay-wellington.villageplumbers.co.nz/bathroom-renovations,1970-01-01
https://lyall-bay-wellington.villageplumbers.co.nz/emergency-plumbing,1970-01-01
https://lyall-bay-wellington.villageplumbers.co.nz/gutter-downpipe-repairs,1970-01-01
https://lyall-bay-wellington.villageplumbers.co.nz/hot-water-cylinder-installation,1970-01-01
https://maitai-nelson.villageplumbers.co.nz/burst-pipe-repair,1970-01-01
https://maitai-nelson.villageplumbers.co.nz/drain-repairs,1970-01-01
https://maitai-nelson.villageplumbers.co.nz/gas-leak-detection,1970-01-01
https://maitai-nelson.villageplumbers.co.nz/water-pressure-repairs,1970-01-01
https://makaraka-gisborne.villageplumbers.co.nz/bathroom-plumbing,1970-01-01
https://manawatu-whanganui.villageplumbers.co.nz/24-hour-plumber,1970-01-01
https://manawatu-whanganui.villageplumbers.co.nz/blocked-toilet-repair,1970-01-01
https://manawatu-whanganui.villageplumbers.co.nz/cctv-drain-inspection,1970-01-01
https://manawatu-whanganui.villageplumbers.co.nz/hot-water-cylinder-installation,1970-01-01
https://manawatu-whanganui.villageplumbers.co.nz/hydro-jetting,1970-01-01
https://manawatu-whanganui.villageplumbers.co.nz/kitchen-plumbing,1970-01-01
https://manawatu-whanganui.villageplumbers.co.nz/shower-repair,1970-01-01
https://mangapapa-gisborne.villageplumbers.co.nz/leaking-pipe-repair,1970-01-01
https://mangawhai-northland.villageplumbers.co.nz/gas-leak-detection,1970-01-01
https://mangawhai-northland.villageplumbers.co.nz/pipe-relining,1970-01-01
https://mangawhai-northland.villageplumbers.co.nz/shower-repair,1970-01-01
https://mangawhai-northland.villageplumbers.co.nz/water-softeners,1970-01-01
https://manukau-auckland.villageplumbers.co.nz/,1970-01-01
https://manukau-auckland.villageplumbers.co.nz/toilet-installation-repair,1970-01-01
https://manutuke-gisborne.villageplumbers.co.nz/24-hour-plumber,1970-01-01
https://manutuke-gisborne.villageplumbers.co.nz/bathroom-plumbing,1970-01-01
https://manutuke-gisborne.villageplumbers.co.nz/blocked-toilet-repair,1970-01-01
https://manutuke-gisborne.villageplumbers.co.nz/kitchen-plumbing,1970-01-01
https://manutuke-gisborne.villageplumbers.co.nz/leaking-pipe-repair,1970-01-01
https://manutuke-gisborne.villageplumbers.co.nz/sewer-line-repair,1970-01-01
https://mapua-tasman.villageplumbers.co.nz/blocked-drain-unblocking,1970-01-01
https://mapua-tasman.villageplumbers.co.nz/commercial-plumbing,1970-01-01
https://maraenui-hawkes-bay.villageplumbers.co.nz/water-tanks,1970-01-01
https://marahau-tasman.villageplumbers.co.nz/leaking-pipe-repair,1970-01-01
https://marahau-tasman.villageplumbers.co.nz/no-hot-water-repair,1970-01-01
https://marahau-tasman.villageplumbers.co.nz/submersible-pumps,1970-01-01
https://marfell-taranaki.villageplumbers.co.nz/shower-repair,1970-01-01
https://marlborough.villageplumbers.co.nz/blocked-toilet-repair,1970-01-01
https://marlborough.villageplumbers.co.nz/burst-pipe-repair,1970-01-01
https://marlborough.villageplumbers.co.nz/hot-water-cylinder-repair,1970-01-01
https://marlborough.villageplumbers.co.nz/kitchen-plumbing,1970-01-01
https://marlborough.villageplumbers.co.nz/no-hot-water-repair,1970-01-01
https://marlborough.villageplumbers.co.nz/sewer-line-repair,1970-01-01
https://marlborough.villageplumbers.co.nz/water-softeners,1970-01-01
https://marton-manawatu-whanganui.villageplumbers.co.nz/24-hour-plumber,1970-01-01
https://marton-manawatu-whanganui.villageplumbers.co.nz/gas-leak-detection,1970-01-01
https://matamata-waikato.villageplumbers.co.nz/burst-pipe-repair,1970-01-01
https://matamata-waikato.villageplumbers.co.nz/continuous-flow-gas-hot-water,1970-01-01
https://matamata-waikato.villageplumbers.co.nz/gas-hob-installation,1970-01-01
https://matamata-waikato.villageplumbers.co.nz/heat-pump-water-heaters,1970-01-01
https://matamata-waikato.villageplumbers.co.nz/hot-water-cylinder-installation,1970-01-01
https://matamata-waikato.villageplumbers.co.nz/pre-purchase-plumbing-inspections,1970-01-01
https://matamata-waikato.villageplumbers.co.nz/submersible-pumps,1970-01-01
https://matamata-waikato.villageplumbers.co.nz/water-leak-detection,1970-01-01
https://matamata-waikato.villageplumbers.co.nz/water-softeners,1970-01-01
https://mataura-southland.villageplumbers.co.nz/emergency-plumbing,1970-01-01
https://mataura-southland.villageplumbers.co.nz/freeze-protection,1970-01-01
https://mayfield-marlborough.villageplumbers.co.nz/bathroom-plumbing,1970-01-01
https://mayfield-marlborough.villageplumbers.co.nz/blocked-toilet-repair,1970-01-01
https://mayfield-marlborough.villageplumbers.co.nz/hot-water-cylinder-repair,1970-01-01
https://mayfield-marlborough.villageplumbers.co.nz/shower-repair,1970-01-01
https://mayfield-marlborough.villageplumbers.co.nz/water-pressure-repairs,1970-01-01
https://merivale-canterbury.villageplumbers.co.nz/backflow-testing,1970-01-01
https://merivale-canterbury.villageplumbers.co.nz/continuous-flow-gas-hot-water,1970-01-01
https://merivale-canterbury.villageplumbers.co.nz/heat-pump-water-heaters,1970-01-01
https://merivale-canterbury.villageplumbers.co.nz/no-hot-water-repair,1970-01-01
https://merivale-canterbury.villageplumbers.co.nz/sewer-line-repair,1970-01-01
https://miramar-wellington.villageplumbers.co.nz/gas-hob-installation,1970-01-01
https://miramar-wellington.villageplumbers.co.nz/hot-water-cylinder-installation,1970-01-01
https://miramar-wellington.villageplumbers.co.nz/sewer-line-repair,1970-01-01
https://moana-nelson.villageplumbers.co.nz/cctv-drain-inspection,1970-01-01
https://moana-nelson.villageplumbers.co.nz/kitchen-plumbing,1970-01-01
https://moana-nelson.villageplumbers.co.nz/leaking-tap-repair,1970-01-01
https://moana-west-coast.villageplumbers.co.nz/water-pressure-repairs,1970-01-01
https://moana-west-coast.villageplumbers.co.nz/water-softeners,1970-01-01
https://mornington-otago.villageplumbers.co.nz/blocked-toilet-repair,1970-01-01
https://mornington-otago.villageplumbers.co.nz/gas-leak-detection,1970-01-01
https://mornington-otago.villageplumbers.co.nz/hot-water-cylinder-installation,1970-01-01
https://mornington-otago.villageplumbers.co.nz/hydro-jetting,1970-01-01
https://morrinsville-waikato.villageplumbers.co.nz/24-hour-plumber,1970-01-01
https://morrinsville-waikato.villageplumbers.co.nz/bathroom-renovations,1970-01-01
https://morrinsville-waikato.villageplumbers.co.nz/emergency-plumbing,1970-01-01
https://morrinsville-waikato.villageplumbers.co.nz/gas-fireplace-installation,1970-01-01
https://morrinsville-waikato.villageplumbers.co.nz/gas-leak-detection,1970-01-01
https://morrinsville-waikato.villageplumbers.co.nz/gutter-downpipe-repairs,1970-01-01
https://morrinsville-waikato.villageplumbers.co.nz/heat-pump-water-heaters,1970-01-01
https://morrinsville-waikato.villageplumbers.co.nz/leaking-tap-repair,1970-01-01
https://morrinsville-waikato.villageplumbers.co.nz/new-build-plumbing,1970-01-01
https://morrinsville-waikato.villageplumbers.co.nz/pipe-relining,1970-01-01
https://morrinsville-waikato.villageplumbers.co.nz/sewer-line-repair,1970-01-01
https://morrinsville-waikato.villageplumbers.co.nz/water-leak-detection,1970-01-01
https://mosgiel-otago.villageplumbers.co.nz/24-hour-plumber,1970-01-01
https://mosgiel-otago.villageplumbers.co.nz/freeze-protection,1970-01-01
https://mosgiel-otago.villageplumbers.co.nz/leaking-tap-repair,1970-01-01
https://mosgiel-otago.villageplumbers.co.nz/septic-tanks,1970-01-01
https://motueka-tasman.villageplumbers.co.nz/commercial-plumbing,1970-01-01
https://motueka-tasman.villageplumbers.co.nz/farm-plumbing,1970-01-01
https://motueka-tasman.villageplumbers.co.nz/leaking-tap-repair,1970-01-01
https://motueka-tasman.villageplumbers.co.nz/no-hot-water-repair,1970-01-01
https://motueka-tasman.villageplumbers.co.nz/sewer-line-repair,1970-01-01
https://motueka-tasman.villageplumbers.co.nz/submersible-pumps,1970-01-01
https://moturoa-taranaki.villageplumbers.co.nz/,1970-01-01
https://moturoa-taranaki.villageplumbers.co.nz/blocked-toilet-repair,1970-01-01
https://moturoa-taranaki.villageplumbers.co.nz/septic-tanks,1970-01-01
https://moturoa-taranaki.villageplumbers.co.nz/toilet-installation-repair,1970-01-01
https://mount-eden-auckland.villageplumbers.co.nz/gas-hob-installation,1970-01-01
https://mount-eden-auckland.villageplumbers.co.nz/grease-traps,1970-01-01
https://mount-eden-auckland.villageplumbers.co.nz/kitchen-plumbing,1970-01-01
https://mount-maunganui-bay-of-plenty.villageplumbers.co.nz/backflow-testing,1970-01-01
https://mount-maunganui-bay-of-plenty.villageplumbers.co.nz/burst-pipe-repair,1970-01-01
https://mount-victoria-wellington.villageplumbers.co.nz/backflow-testing,1970-01-01
https://mount-victoria-wellington.villageplumbers.co.nz/blocked-drain-unblocking,1970-01-01
https://mount-victoria-wellington.villageplumbers.co.nz/cctv-drain-inspection,1970-01-01
https://mount-victoria-wellington.villageplumbers.co.nz/emergency-plumbing,1970-01-01
https://mount-victoria-wellington.villageplumbers.co.nz/water-pressure-repairs,1970-01-01
https://napier-central-hawkes-bay.villageplumbers.co.nz/blocked-drain-unblocking,1970-01-01
https://napier-central-hawkes-bay.villageplumbers.co.nz/commercial-plumbing,1970-01-01
https://napier-central-hawkes-bay.villageplumbers.co.nz/leaking-pipe-repair,1970-01-01
https://napier-central-hawkes-bay.villageplumbers.co.nz/stormwater-drain-repair,1970-01-01
https://napier-central-hawkes-bay.villageplumbers.co.nz/submersible-pumps,1970-01-01
https://nelson-central-nelson.villageplumbers.co.nz/bathroom-plumbing,1970-01-01
https://nelson-central-nelson.villageplumbers.co.nz/leaking-pipe-repair,1970-01-01
https://nelson-central-nelson.villageplumbers.co.nz/leaking-tap-repair,1970-01-01
https://nelson-south-nelson.villageplumbers.co.nz/commercial-plumbing,1970-01-01
https://nelson-south-nelson.villageplumbers.co.nz/hot-water-cylinder-installation,1970-01-01
https://nelson-south-nelson.villageplumbers.co.nz/pipe-relining,1970-01-01
https://nelson.villageplumbers.co.nz/emergency-plumbing,1970-01-01
https://nelson.villageplumbers.co.nz/gas-leak-detection,1970-01-01
https://new-plymouth-central-taranaki.villageplumbers.co.nz/blocked-drain-unblocking,1970-01-01
https://new-plymouth-central-taranaki.villageplumbers.co.nz/emergency-plumbing,1970-01-01
https://new-plymouth-central-taranaki.villageplumbers.co.nz/farm-plumbing,1970-01-01
https://new-plymouth-central-taranaki.villageplumbers.co.nz/septic-tanks,1970-01-01
https://newmarket-auckland.villageplumbers.co.nz/cctv-drain-inspection,1970-01-01
https://newmarket-auckland.villageplumbers.co.nz/gas-leak-detection,1970-01-01
https://newmarket-auckland.villageplumbers.co.nz/gutter-downpipe-repairs,1970-01-01
https://newmarket-auckland.villageplumbers.co.nz/hot-water-cylinder-installation,1970-01-01
https://newmarket-auckland.villageplumbers.co.nz/kitchen-plumbing,1970-01-01
https://newmarket-auckland.villageplumbers.co.nz/pipe-relining,1970-01-01
https://newtown-wellington.villageplumbers.co.nz/bathroom-plumbing,1970-01-01
https://newtown-wellington.villageplumbers.co.nz/leaking-tap-repair,1970-01-01
https://ngaruawahia-waikato.villageplumbers.co.nz/backflow-testing,1970-01-01
https://ngaruawahia-waikato.villageplumbers.co.nz/bathroom-renovations,1970-01-01
https://ngaruawahia-waikato.villageplumbers.co.nz/septic-tanks,1970-01-01
https://ngongotaha-bay-of-plenty.villageplumbers.co.nz/bathroom-plumbing,1970-01-01
https://ngongotaha-bay-of-plenty.villageplumbers.co.nz/commercial-plumbing,1970-01-01
https://ngongotaha-bay-of-plenty.villageplumbers.co.nz/drain-repairs,1970-01-01
https://ngongotaha-bay-of-plenty.villageplumbers.co.nz/kitchen-plumbing,1970-01-01
https://ngongotaha-bay-of-plenty.villageplumbers.co.nz/septic-tanks,1970-01-01
https://ngongotaha-bay-of-plenty.villageplumbers.co.nz/shower-repair,1970-01-01
https://ngongotaha-bay-of-plenty.villageplumbers.co.nz/water-leak-detection,1970-01-01
https://north-dunedin-otago.villageplumbers.co.nz/,1970-01-01
https://north-dunedin-otago.villageplumbers.co.nz/hydro-jetting,1970-01-01
https://north-dunedin-otago.villageplumbers.co.nz/water-softeners,1970-01-01
https://northland.villageplumbers.co.nz/blocked-drain-unblocking,1970-01-01
https://northland.villageplumbers.co.nz/emergency-plumbing,1970-01-01
https://northland.villageplumbers.co.nz/farm-plumbing,1970-01-01
https://oakura-taranaki.villageplumbers.co.nz/hydro-jetting,1970-01-01
https://oakura-taranaki.villageplumbers.co.nz/stormwater-drain-repair,1970-01-01
https://oakura-taranaki.villageplumbers.co.nz/water-leak-detection,1970-01-01
https://oamaru-otago.villageplumbers.co.nz/leaking-tap-repair,1970-01-01
https://ohakune-manawatu-whanganui.villageplumbers.co.nz/bathroom-plumbing,1970-01-01
https://ohakune-manawatu-whanganui.villageplumbers.co.nz/gas-leak-detection,1970-01-01
https://ohakune-manawatu-whanganui.villageplumbers.co.nz/hydro-jetting,1970-01-01
https://ohakune-manawatu-whanganui.villageplumbers.co.nz/septic-tanks,1970-01-01
https://ohakune-manawatu-whanganui.villageplumbers.co.nz/stormwater-drain-repair,1970-01-01
https://ohope-bay-of-plenty.villageplumbers.co.nz/blocked-toilet-repair,1970-01-01
https://ohope-bay-of-plenty.villageplumbers.co.nz/burst-pipe-repair,1970-01-01
https://ohope-bay-of-plenty.villageplumbers.co.nz/commercial-plumbing,1970-01-01
https://ohope-bay-of-plenty.villageplumbers.co.nz/gas-fireplace-installation,1970-01-01
https://ohope-bay-of-plenty.villageplumbers.co.nz/leaking-pipe-repair,1970-01-01
https://ohope-bay-of-plenty.villageplumbers.co.nz/tmv-servicing,1970-01-01
https://ohope-bay-of-plenty.villageplumbers.co.nz/water-tanks,1970-01-01
https://okitu-gisborne.villageplumbers.co.nz/,1970-01-01
https://okitu-gisborne.villageplumbers.co.nz/bathroom-plumbing,1970-01-01
https://okitu-gisborne.villageplumbers.co.nz/farm-plumbing,1970-01-01
https://okitu-gisborne.villageplumbers.co.nz/water-pressure-repairs,1970-01-01
https://omaka-marlborough.villageplumbers.co.nz/leaking-tap-repair,1970-01-01
https://omaka-marlborough.villageplumbers.co.nz/stormwater-drain-repair,1970-01-01
https://omokoroa-bay-of-plenty.villageplumbers.co.nz/backflow-testing,1970-01-01
https://omokoroa-bay-of-plenty.villageplumbers.co.nz/leaking-pipe-repair,1970-01-01
https://omokoroa-bay-of-plenty.villageplumbers.co.nz/pipe-relining,1970-01-01
https://omokoroa-bay-of-plenty.villageplumbers.co.nz/toilet-installation-repair,1970-01-01
https://onerahi-northland.villageplumbers.co.nz/blocked-toilet-repair,1970-01-01
https://onerahi-northland.villageplumbers.co.nz/gasfitting-repairs,1970-01-01
https://onerahi-northland.villageplumbers.co.nz/hot-water-cylinder-installation,1970-01-01
https://onerahi-northland.villageplumbers.co.nz/stormwater-drain-repair,1970-01-01
https://onerahi-northland.villageplumbers.co.nz/water-tanks,1970-01-01
https://opotiki-bay-of-plenty.villageplumbers.co.nz/burst-pipe-repair,1970-01-01
https://opotiki-bay-of-plenty.villageplumbers.co.nz/drain-repairs,1970-01-01
https://opotiki-bay-of-plenty.villageplumbers.co.nz/gasfitting-repairs,1970-01-01
https://opotiki-bay-of-plenty.villageplumbers.co.nz/septic-tanks,1970-01-01
https://opotiki-bay-of-plenty.villageplumbers.co.nz/water-softeners,1970-01-01
https://opunake-taranaki.villageplumbers.co.nz/24-hour-plumber,1970-01-01
https://opunake-taranaki.villageplumbers.co.nz/gas-leak-detection,1970-01-01
https://opunake-taranaki.villageplumbers.co.nz/kitchen-plumbing,1970-01-01
https://otago.villageplumbers.co.nz/hot-water-cylinder-installation,1970-01-01
https://otago.villageplumbers.co.nz/water-leak-detection,1970-01-01
https://otane-hawkes-bay.villageplumbers.co.nz/burst-pipe-repair,1970-01-01
https://otane-hawkes-bay.villageplumbers.co.nz/emergency-plumbing,1970-01-01
https://otane-hawkes-bay.villageplumbers.co.nz/shower-repair,1970-01-01
https://otane-hawkes-bay.villageplumbers.co.nz/water-leak-detection,1970-01-01
https://otatara-southland.villageplumbers.co.nz/sewer-line-repair,1970-01-01
https://otatara-southland.villageplumbers.co.nz/shower-repair,1970-01-01
https://otautau-southland.villageplumbers.co.nz/bathroom-plumbing,1970-01-01
https://otautau-southland.villageplumbers.co.nz/shower-repair,1970-01-01
https://otorohanga-waikato.villageplumbers.co.nz/blocked-toilet-repair,1970-01-01
https://otorohanga-waikato.villageplumbers.co.nz/cctv-drain-inspection,1970-01-01
https://otorohanga-waikato.villageplumbers.co.nz/gas-fireplace-installation,1970-01-01
https://otorohanga-waikato.villageplumbers.co.nz/gasfitting-repairs,1970-01-01
https://otorohanga-waikato.villageplumbers.co.nz/heat-pump-water-heaters,1970-01-01
https://otorohanga-waikato.villageplumbers.co.nz/hot-water-cylinder-installation,1970-01-01
https://otorohanga-waikato.villageplumbers.co.nz/hydro-jetting,1970-01-01
https://otumoetai-bay-of-plenty.villageplumbers.co.nz/backflow-testing,1970-01-01
https://otumoetai-bay-of-plenty.villageplumbers.co.nz/bathroom-renovations,1970-01-01
https://otumoetai-bay-of-plenty.villageplumbers.co.nz/burst-pipe-repair,1970-01-01
https://otumoetai-bay-of-plenty.villageplumbers.co.nz/gas-hob-installation,1970-01-01
https://otumoetai-bay-of-plenty.villageplumbers.co.nz/heat-pump-water-heaters,1970-01-01
https://otumoetai-bay-of-plenty.villageplumbers.co.nz/leaking-tap-repair,1970-01-01
https://otumoetai-bay-of-plenty.villageplumbers.co.nz/water-pressure-repairs,1970-01-01
https://pahiatua-manawatu-whanganui.villageplumbers.co.nz/emergency-plumbing,1970-01-01
https://pahiatua-manawatu-whanganui.villageplumbers.co.nz/submersible-pumps,1970-01-01
https://pahiatua-manawatu-whanganui.villageplumbers.co.nz/water-pressure-repairs,1970-01-01
https://paihia-northland.villageplumbers.co.nz/,1970-01-01
https://paihia-northland.villageplumbers.co.nz/blocked-toilet-repair,1970-01-01
https://paihia-northland.villageplumbers.co.nz/hydro-jetting,1970-01-01
https://paihia-northland.villageplumbers.co.nz/pipe-relining,1970-01-01
https://paihia-northland.villageplumbers.co.nz/septic-tanks,1970-01-01
https://paihia-northland.villageplumbers.co.nz/toilet-installation-repair,1970-01-01
https://paihia-northland.villageplumbers.co.nz/water-tanks,1970-01-01
https://papakura-auckland.villageplumbers.co.nz/burst-pipe-repair,1970-01-01
https://papakura-auckland.villageplumbers.co.nz/continuous-flow-gas-hot-water,1970-01-01
https://papakura-auckland.villageplumbers.co.nz/gas-fireplace-installation,1970-01-01
https://papakura-auckland.villageplumbers.co.nz/hot-water-cylinder-installation,1970-01-01
https://papakura-auckland.villageplumbers.co.nz/tmv-servicing,1970-01-01
https://papamoa-bay-of-plenty.villageplumbers.co.nz/drain-repairs,1970-01-01
https://papamoa-bay-of-plenty.villageplumbers.co.nz/gas-fireplace-installation,1970-01-01
https://papamoa-bay-of-plenty.villageplumbers.co.nz/submersible-pumps,1970-01-01
https://papanui-canterbury.villageplumbers.co.nz/commercial-plumbing,1970-01-01
https://papanui-canterbury.villageplumbers.co.nz/emergency-plumbing,1970-01-01
https://papanui-canterbury.villageplumbers.co.nz/farm-plumbing,1970-01-01
https://papanui-canterbury.villageplumbers.co.nz/septic-tanks,1970-01-01
https://papanui-canterbury.villageplumbers.co.nz/shower-repair,1970-01-01
https://papanui-canterbury.villageplumbers.co.nz/water-softeners,1970-01-01
https://parnell-auckland.villageplumbers.co.nz/burst-pipe-repair,1970-01-01
https://parnell-auckland.villageplumbers.co.nz/continuous-flow-gas-hot-water,1970-01-01
https://parnell-auckland.villageplumbers.co.nz/drain-repairs,1970-01-01
https://parnell-auckland.villageplumbers.co.nz/grease-traps,1970-01-01
https://parnell-auckland.villageplumbers.co.nz/pre-purchase-plumbing-inspections,1970-01-01
https://parnell-auckland.villageplumbers.co.nz/shower-repair,1970-01-01
https://patutahi-gisborne.villageplumbers.co.nz/blocked-drain-unblocking,1970-01-01
https://patutahi-gisborne.villageplumbers.co.nz/commercial-plumbing,1970-01-01
https://patutahi-gisborne.villageplumbers.co.nz/hot-water-cylinder-repair,1970-01-01
https://patutahi-gisborne.villageplumbers.co.nz/septic-tanks,1970-01-01
https://patutahi-gisborne.villageplumbers.co.nz/submersible-pumps,1970-01-01
https://patutahi-gisborne.villageplumbers.co.nz/water-pressure-repairs,1970-01-01
https://petone-wellington.villageplumbers.co.nz/blocked-drain-unblocking,1970-01-01
https://petone-wellington.villageplumbers.co.nz/sewer-line-repair,1970-01-01
https://petone-wellington.villageplumbers.co.nz/tmv-servicing,1970-01-01
https://picton-marlborough.villageplumbers.co.nz/,1970-01-01
https://picton-marlborough.villageplumbers.co.nz/submersible-pumps,1970-01-01
https://picton-marlborough.villageplumbers.co.nz/water-pressure-repairs,1970-01-01
https://pohara-tasman.villageplumbers.co.nz/shower-repair,1970-01-01
https://pohara-tasman.villageplumbers.co.nz/stormwater-drain-repair,1970-01-01
https://pohara-tasman.villageplumbers.co.nz/water-tanks,1970-01-01
https://ponsonby-auckland.villageplumbers.co.nz/bathroom-plumbing,1970-01-01
https://ponsonby-auckland.villageplumbers.co.nz/gas-fireplace-installation,1970-01-01
https://ponsonby-auckland.villageplumbers.co.nz/kitchen-plumbing,1970-01-01
https://porirua-wellington.villageplumbers.co.nz/,1970-01-01
https://porirua-wellington.villageplumbers.co.nz/blocked-drain-unblocking,1970-01-01
https://porirua-wellington.villageplumbers.co.nz/continuous-flow-gas-hot-water,1970-01-01
https://porirua-wellington.villageplumbers.co.nz/gasfitting-repairs,1970-01-01
https://porirua-wellington.villageplumbers.co.nz/heat-pump-water-heaters,1970-01-01
https://porirua-wellington.villageplumbers.co.nz/kitchen-plumbing,1970-01-01
https://porirua-wellington.villageplumbers.co.nz/leaking-pipe-repair,1970-01-01
https://porirua-wellington.villageplumbers.co.nz/no-hot-water-repair,1970-01-01
https://port-chalmers-otago.villageplumbers.co.nz/burst-pipe-repair,1970-01-01
https://port-chalmers-otago.villageplumbers.co.nz/hot-water-cylinder-repair,1970-01-01
https://port-chalmers-otago.villageplumbers.co.nz/hydro-jetting,1970-01-01
https://port-chalmers-otago.villageplumbers.co.nz/leaking-pipe-repair,1970-01-01
https://port-chalmers-otago.villageplumbers.co.nz/pipe-relining,1970-01-01
https://port-chalmers-otago.villageplumbers.co.nz/water-pressure-repairs,1970-01-01
https://port-nelson-nelson.villageplumbers.co.nz/,1970-01-01
https://punakaiki-west-coast.villageplumbers.co.nz/leaking-pipe-repair,1970-01-01
https://punakaiki-west-coast.villageplumbers.co.nz/no-hot-water-repair,1970-01-01
https://punakaiki-west-coast.villageplumbers.co.nz/stormwater-drain-repair,1970-01-01
https://punakaiki-west-coast.villageplumbers.co.nz/toilet-installation-repair,1970-01-01
https://punakaiki-west-coast.villageplumbers.co.nz/water-leak-detection,1970-01-01
https://punakaiki-west-coast.villageplumbers.co.nz/water-pressure-repairs,1970-01-01
https://queenstown-otago.villageplumbers.co.nz/radiator-heating,1970-01-01
https://queenstown-otago.villageplumbers.co.nz/sewer-line-repair,1970-01-01
https://queenstown-otago.villageplumbers.co.nz/water-tanks,1970-01-01
https://rai-valley-marlborough.villageplumbers.co.nz/bathroom-plumbing,1970-01-01
https://rai-valley-marlborough.villageplumbers.co.nz/blocked-drain-unblocking,1970-01-01
https://rai-valley-marlborough.villageplumbers.co.nz/kitchen-plumbing,1970-01-01
https://rangiora-canterbury.villageplumbers.co.nz/blocked-toilet-repair,1970-01-01
https://rangiora-canterbury.villageplumbers.co.nz/continuous-flow-gas-hot-water,1970-01-01
https://rangiora-canterbury.villageplumbers.co.nz/new-build-plumbing,1970-01-01
https://rangiora-canterbury.villageplumbers.co.nz/pipe-relining,1970-01-01
https://rangiora-canterbury.villageplumbers.co.nz/pipe-thawing,1970-01-01
https://rangiora-canterbury.villageplumbers.co.nz/stormwater-drain-repair,1970-01-01
https://rangiora-canterbury.villageplumbers.co.nz/water-tanks,1970-01-01
https://redwood-marlborough.villageplumbers.co.nz/,1970-01-01
https://redwood-marlborough.villageplumbers.co.nz/cctv-drain-inspection,1970-01-01
https://redwood-marlborough.villageplumbers.co.nz/water-softeners,1970-01-01
https://redwood-valley-tasman.villageplumbers.co.nz/water-pressure-repairs,1970-01-01
https://redwood-valley-tasman.villageplumbers.co.nz/water-tanks,1970-01-01
https://reefton-west-coast.villageplumbers.co.nz/cctv-drain-inspection,1970-01-01
https://reefton-west-coast.villageplumbers.co.nz/emergency-plumbing,1970-01-01
https://reefton-west-coast.villageplumbers.co.nz/hot-water-cylinder-installation,1970-01-01
https://reefton-west-coast.villageplumbers.co.nz/pipe-relining,1970-01-01
https://regent-northland.villageplumbers.co.nz/commercial-plumbing,1970-01-01
https://regent-northland.villageplumbers.co.nz/farm-plumbing,1970-01-01
https://regent-northland.villageplumbers.co.nz/gasfitting-repairs,1970-01-01
https://regent-northland.villageplumbers.co.nz/sewer-line-repair,1970-01-01
https://remuera-auckland.villageplumbers.co.nz/continuous-flow-gas-hot-water,1970-01-01
https://remuera-auckland.villageplumbers.co.nz/drain-repairs,1970-01-01
https://renwick-marlborough.villageplumbers.co.nz/hydro-jetting,1970-01-01
https://riccarton-canterbury.villageplumbers.co.nz/bathroom-renovations,1970-01-01
https://riccarton-canterbury.villageplumbers.co.nz/emergency-plumbing,1970-01-01
https://riccarton-canterbury.villageplumbers.co.nz/gas-hob-installation,1970-01-01
https://riccarton-canterbury.villageplumbers.co.nz/heat-pump-water-heaters,1970-01-01
https://riccarton-canterbury.villageplumbers.co.nz/submersible-pumps,1970-01-01
https://riccarton-canterbury.villageplumbers.co.nz/water-leak-detection,1970-01-01
https://richmond-tasman.villageplumbers.co.nz/bathroom-plumbing,1970-01-01
https://richmond-tasman.villageplumbers.co.nz/blocked-drain-unblocking,1970-01-01
https://richmond-tasman.villageplumbers.co.nz/leaking-tap-repair,1970-01-01
https://richmond-tasman.villageplumbers.co.nz/pipe-relining,1970-01-01
https://richmond-tasman.villageplumbers.co.nz/stormwater-drain-repair,1970-01-01
https://richmond-tasman.villageplumbers.co.nz/water-leak-detection,1970-01-01
https://riverdale-gisborne.villageplumbers.co.nz/septic-tanks,1970-01-01
https://riverlands-marlborough.villageplumbers.co.nz/blocked-drain-unblocking,1970-01-01
https://riverlands-marlborough.villageplumbers.co.nz/cctv-drain-inspection,1970-01-01
https://riverlands-marlborough.villageplumbers.co.nz/submersible-pumps,1970-01-01
https://riverton-southland.villageplumbers.co.nz/bathroom-plumbing,1970-01-01
https://riverton-southland.villageplumbers.co.nz/blocked-drain-unblocking,1970-01-01
https://riverton-southland.villageplumbers.co.nz/farm-plumbing,1970-01-01
https://riverton-southland.villageplumbers.co.nz/shower-repair,1970-01-01
https://rolleston-canterbury.villageplumbers.co.nz/blocked-toilet-repair,1970-01-01
https://rolleston-canterbury.villageplumbers.co.nz/continuous-flow-gas-hot-water,1970-01-01
https://rolleston-canterbury.villageplumbers.co.nz/gas-fireplace-installation,1970-01-01
https://rolleston-canterbury.villageplumbers.co.nz/shower-repair,1970-01-01
https://rolleston-canterbury.villageplumbers.co.nz/toilet-installation-repair,1970-01-01
https://rolleston-canterbury.villageplumbers.co.nz/underfloor-heating,1970-01-01
https://ross-west-coast.villageplumbers.co.nz/freeze-protection,1970-01-01
https://ross-west-coast.villageplumbers.co.nz/hot-water-cylinder-repair,1970-01-01
https://ross-west-coast.villageplumbers.co.nz/leaking-pipe-repair,1970-01-01
https://ross-west-coast.villageplumbers.co.nz/water-softeners,1970-01-01
https://rotorua-central-bay-of-plenty.villageplumbers.co.nz/cctv-drain-inspection,1970-01-01
https://rotorua-central-bay-of-plenty.villageplumbers.co.nz/drain-repairs,1970-01-01
https://rotorua-central-bay-of-plenty.villageplumbers.co.nz/hot-water-cylinder-repair,1970-01-01
https://rotorua-central-bay-of-plenty.villageplumbers.co.nz/water-leak-detection,1970-01-01
https://ruakaka-northland.villageplumbers.co.nz/blocked-toilet-repair,1970-01-01
https://ruakaka-northland.villageplumbers.co.nz/pipe-relining,1970-01-01
https://ruakaka-northland.villageplumbers.co.nz/septic-tanks,1970-01-01
https://ruatoria-gisborne.villageplumbers.co.nz/hot-water-cylinder-repair,1970-01-01
https://ruatoria-gisborne.villageplumbers.co.nz/kitchen-plumbing,1970-01-01
https://ruatoria-gisborne.villageplumbers.co.nz/no-hot-water-repair,1970-01-01
https://ruatoria-gisborne.villageplumbers.co.nz/pipe-relining,1970-01-01
https://runanga-west-coast.villageplumbers.co.nz/gasfitting-repairs,1970-01-01
https://runanga-west-coast.villageplumbers.co.nz/pipe-thawing,1970-01-01
https://russell-northland.villageplumbers.co.nz/bathroom-plumbing,1970-01-01
https://russell-northland.villageplumbers.co.nz/farm-plumbing,1970-01-01
https://russell-northland.villageplumbers.co.nz/water-tanks,1970-01-01
https://saint-clair-otago.villageplumbers.co.nz/kitchen-plumbing,1970-01-01
https://saint-clair-otago.villageplumbers.co.nz/sewer-line-repair,1970-01-01
https://saint-clair-otago.villageplumbers.co.nz/stormwater-drain-repair,1970-01-01
https://seddon-marlborough.villageplumbers.co.nz/,1970-01-01
https://seddon-marlborough.villageplumbers.co.nz/commercial-plumbing,1970-01-01
https://seddon-marlborough.villageplumbers.co.nz/gasfitting-repairs,1970-01-01
https://seddon-marlborough.villageplumbers.co.nz/hydro-jetting,1970-01-01
https://seddon-marlborough.villageplumbers.co.nz/pipe-relining,1970-01-01
https://shirley-canterbury.villageplumbers.co.nz/backflow-testing,1970-01-01
https://shirley-canterbury.villageplumbers.co.nz/gasfitting-repairs,1970-01-01
https://shirley-canterbury.villageplumbers.co.nz/hot-water-cylinder-installation,1970-01-01
https://shirley-canterbury.villageplumbers.co.nz/pipe-relining,1970-01-01
https://shirley-canterbury.villageplumbers.co.nz/water-softeners,1970-01-01
https://silverdale-auckland.villageplumbers.co.nz/kitchen-plumbing,1970-01-01
https://south-dunedin-otago.villageplumbers.co.nz/blocked-toilet-repair,1970-01-01
https://south-dunedin-otago.villageplumbers.co.nz/no-hot-water-repair,1970-01-01
https://south-dunedin-otago.villageplumbers.co.nz/sewer-line-repair,1970-01-01
https://south-dunedin-otago.villageplumbers.co.nz/underfloor-heating,1970-01-01
https://southland.villageplumbers.co.nz/commercial-plumbing,1970-01-01
https://southland.villageplumbers.co.nz/hydro-jetting,1970-01-01
https://spotswood-taranaki.villageplumbers.co.nz/24-hour-plumber,1970-01-01
https://spotswood-taranaki.villageplumbers.co.nz/bathroom-plumbing,1970-01-01
https://spotswood-taranaki.villageplumbers.co.nz/gasfitting-repairs,1970-01-01
https://spotswood-taranaki.villageplumbers.co.nz/no-hot-water-repair,1970-01-01
https://spring-creek-marlborough.villageplumbers.co.nz/,1970-01-01
https://spring-creek-marlborough.villageplumbers.co.nz/burst-pipe-repair,1970-01-01
https://spring-creek-marlborough.villageplumbers.co.nz/hot-water-cylinder-repair,1970-01-01
https://spring-creek-marlborough.villageplumbers.co.nz/no-hot-water-repair,1970-01-01
https://spring-creek-marlborough.villageplumbers.co.nz/shower-repair,1970-01-01
https://springlands-marlborough.villageplumbers.co.nz/commercial-plumbing,1970-01-01
https://springlands-marlborough.villageplumbers.co.nz/shower-repair,1970-01-01
https://st-albans-canterbury.villageplumbers.co.nz/freeze-protection,1970-01-01
https://st-albans-canterbury.villageplumbers.co.nz/heat-pump-water-heaters,1970-01-01
https://st-albans-canterbury.villageplumbers.co.nz/pipe-relining,1970-01-01
https://st-albans-canterbury.villageplumbers.co.nz/submersible-pumps,1970-01-01
https://st-albans-canterbury.villageplumbers.co.nz/water-tanks,1970-01-01
https://stepneyville-nelson.villageplumbers.co.nz/emergency-plumbing,1970-01-01
https://stoke-nelson.villageplumbers.co.nz/burst-pipe-repair,1970-01-01
https://stoke-nelson.villageplumbers.co.nz/toilet-installation-repair,1970-01-01
https://strandon-taranaki.villageplumbers.co.nz/bathroom-plumbing,1970-01-01
https://strandon-taranaki.villageplumbers.co.nz/blocked-toilet-repair,1970-01-01
https://strandon-taranaki.villageplumbers.co.nz/commercial-plumbing,1970-01-01
https://strandon-taranaki.villageplumbers.co.nz/gasfitting-repairs,1970-01-01
https://strandon-taranaki.villageplumbers.co.nz/water-tanks,1970-01-01
https://stratford-taranaki.villageplumbers.co.nz/24-hour-plumber,1970-01-01
https://stratford-taranaki.villageplumbers.co.nz/cctv-drain-inspection,1970-01-01
https://tahunanui-nelson.villageplumbers.co.nz/,1970-01-01
https://tahunanui-nelson.villageplumbers.co.nz/cctv-drain-inspection,1970-01-01
https://tahunanui-nelson.villageplumbers.co.nz/drain-repairs,1970-01-01
https://tahunanui-nelson.villageplumbers.co.nz/leaking-pipe-repair,1970-01-01
https://taihape-manawatu-whanganui.villageplumbers.co.nz/leaking-pipe-repair,1970-01-01
https://taihape-manawatu-whanganui.villageplumbers.co.nz/submersible-pumps,1970-01-01
https://taihape-manawatu-whanganui.villageplumbers.co.nz/water-leak-detection,1970-01-01
https://takaka-tasman.villageplumbers.co.nz/24-hour-plumber,1970-01-01
https://takaka-tasman.villageplumbers.co.nz/commercial-plumbing,1970-01-01
https://takaka-tasman.villageplumbers.co.nz/leaking-pipe-repair,1970-01-01
https://takapuna-auckland.villageplumbers.co.nz/commercial-plumbing,1970-01-01
https://takapuna-auckland.villageplumbers.co.nz/continuous-flow-gas-hot-water,1970-01-01
https://takapuna-auckland.villageplumbers.co.nz/emergency-plumbing,1970-01-01
https://takapuna-auckland.villageplumbers.co.nz/gasfitting-repairs,1970-01-01
https://takapuna-auckland.villageplumbers.co.nz/kitchen-plumbing,1970-01-01
https://takapuna-auckland.villageplumbers.co.nz/stormwater-drain-repair,1970-01-01
https://takapuna-auckland.villageplumbers.co.nz/water-leak-detection,1970-01-01
https://tapawera-tasman.villageplumbers.co.nz/24-hour-plumber,1970-01-01
https://tapawera-tasman.villageplumbers.co.nz/cctv-drain-inspection,1970-01-01
https://tapawera-tasman.villageplumbers.co.nz/farm-plumbing,1970-01-01
https://taradale-hawkes-bay.villageplumbers.co.nz/24-hour-plumber,1970-01-01
https://taradale-hawkes-bay.villageplumbers.co.nz/bathroom-plumbing,1970-01-01
https://taranaki.villageplumbers.co.nz/,1970-01-01
https://taranaki.villageplumbers.co.nz/blocked-drain-unblocking,1970-01-01
https://taranaki.villageplumbers.co.nz/gasfitting-repairs,1970-01-01
https://taranaki.villageplumbers.co.nz/hot-water-cylinder-installation,1970-01-01
https://taranaki.villageplumbers.co.nz/leaking-tap-repair,1970-01-01
https://tasman.villageplumbers.co.nz/blocked-toilet-repair,1970-01-01
https://tasman.villageplumbers.co.nz/burst-pipe-repair,1970-01-01
https://tasman.villageplumbers.co.nz/farm-plumbing,1970-01-01
https://tasman.villageplumbers.co.nz/gasfitting-repairs,1970-01-01
https://tasman.villageplumbers.co.nz/kitchen-plumbing,1970-01-01
https://taupo-waikato.villageplumbers.co.nz/commercial-plumbing,1970-01-01
https://taupo-waikato.villageplumbers.co.nz/water-pressure-repairs,1970-01-01
https://tauranga-central-bay-of-plenty.villageplumbers.co.nz/cctv-drain-inspection,1970-01-01
https://tauranga-central-bay-of-plenty.villageplumbers.co.nz/gasfitting-repairs,1970-01-01
https://tauranga-central-bay-of-plenty.villageplumbers.co.nz/pipe-relining,1970-01-01
https://tauranga-central-bay-of-plenty.villageplumbers.co.nz/water-pressure-repairs,1970-01-01
https://tawa-wellington.villageplumbers.co.nz/bathroom-plumbing,1970-01-01
https://tawa-wellington.villageplumbers.co.nz/sewer-line-repair,1970-01-01
https://te-anau-southland.villageplumbers.co.nz/cctv-drain-inspection,1970-01-01
https://te-anau-southland.villageplumbers.co.nz/farm-plumbing,1970-01-01
https://te-anau-southland.villageplumbers.co.nz/septic-tanks,1970-01-01
https://te-anau-southland.villageplumbers.co.nz/stormwater-drain-repair,1970-01-01
https://te-anau-southland.villageplumbers.co.nz/water-leak-detection,1970-01-01
https://te-anau-southland.villageplumbers.co.nz/water-softeners,1970-01-01
https://te-aro-wellington.villageplumbers.co.nz/blocked-drain-unblocking,1970-01-01
https://te-aro-wellington.villageplumbers.co.nz/no-hot-water-repair,1970-01-01
https://te-awamutu-waikato.villageplumbers.co.nz/continuous-flow-gas-hot-water,1970-01-01
https://te-awamutu-waikato.villageplumbers.co.nz/emergency-plumbing,1970-01-01
https://te-awamutu-waikato.villageplumbers.co.nz/gas-hob-installation,1970-01-01
https://te-hapara-gisborne.villageplumbers.co.nz/burst-pipe-repair,1970-01-01
https://te-hapara-gisborne.villageplumbers.co.nz/hydro-jetting,1970-01-01
https://te-karaka-gisborne.villageplumbers.co.nz/,1970-01-01
https://te-karaka-gisborne.villageplumbers.co.nz/hydro-jetting,1970-01-01
https://te-karaka-gisborne.villageplumbers.co.nz/leaking-pipe-repair,1970-01-01
https://te-karaka-gisborne.villageplumbers.co.nz/septic-tanks,1970-01-01
https://te-puke-bay-of-plenty.villageplumbers.co.nz/cctv-drain-inspection,1970-01-01
https://te-puke-bay-of-plenty.villageplumbers.co.nz/pipe-relining,1970-01-01
https://te-puke-bay-of-plenty.villageplumbers.co.nz/pre-purchase-plumbing-inspections,1970-01-01
https://te-puke-bay-of-plenty.villageplumbers.co.nz/septic-tanks,1970-01-01
https://te-puke-bay-of-plenty.villageplumbers.co.nz/toilet-installation-repair,1970-01-01
https://te-rapa-waikato.villageplumbers.co.nz/bathroom-plumbing,1970-01-01
https://te-rapa-waikato.villageplumbers.co.nz/heat-pump-water-heaters,1970-01-01
https://te-rapa-waikato.villageplumbers.co.nz/water-leak-detection,1970-01-01
https://te-rapa-waikato.villageplumbers.co.nz/water-tanks,1970-01-01
https://terrace-end-manawatu-whanganui.villageplumbers.co.nz/leaking-pipe-repair,1970-01-01
https://terrace-end-manawatu-whanganui.villageplumbers.co.nz/sewer-line-repair,1970-01-01
https://terrace-end-manawatu-whanganui.villageplumbers.co.nz/water-softeners,1970-01-01
https://thames-waikato.villageplumbers.co.nz/bathroom-plumbing,1970-01-01
https://thames-waikato.villageplumbers.co.nz/drain-repairs,1970-01-01
https://thames-waikato.villageplumbers.co.nz/heat-pump-water-heaters,1970-01-01
https://thames-waikato.villageplumbers.co.nz/pipe-relining,1970-01-01
https://thames-waikato.villageplumbers.co.nz/submersible-pumps,1970-01-01
https://the-wood-nelson.villageplumbers.co.nz/commercial-plumbing,1970-01-01
https://the-wood-nelson.villageplumbers.co.nz/drain-repairs,1970-01-01
https://the-wood-nelson.villageplumbers.co.nz/hydro-jetting,1970-01-01
https://the-wood-nelson.villageplumbers.co.nz/leaking-pipe-repair,1970-01-01
https://thorndon-wellington.villageplumbers.co.nz/bathroom-plumbing,1970-01-01
https://thorndon-wellington.villageplumbers.co.nz/gas-hob-installation,1970-01-01
https://thorndon-wellington.villageplumbers.co.nz/gas-leak-detection,1970-01-01
https://thorndon-wellington.villageplumbers.co.nz/leaking-pipe-repair,1970-01-01
https://thorndon-wellington.villageplumbers.co.nz/pipe-relining,1970-01-01
https://tikipunga-northland.villageplumbers.co.nz/drain-repairs,1970-01-01
https://timaru-canterbury.villageplumbers.co.nz/bathroom-plumbing,1970-01-01
https://timaru-canterbury.villageplumbers.co.nz/emergency-plumbing,1970-01-01
https://timaru-canterbury.villageplumbers.co.nz/farm-plumbing,1970-01-01
https://timaru-canterbury.villageplumbers.co.nz/hot-water-cylinder-installation,1970-01-01
https://toi-toi-nelson.villageplumbers.co.nz/blocked-toilet-repair,1970-01-01
https://toi-toi-nelson.villageplumbers.co.nz/gasfitting-repairs,1970-01-01
https://toi-toi-nelson.villageplumbers.co.nz/hot-water-cylinder-installation,1970-01-01
https://toi-toi-nelson.villageplumbers.co.nz/toilet-installation-repair,1970-01-01
https://tokoroa-waikato.villageplumbers.co.nz/bathroom-plumbing,1970-01-01
https://tokoroa-waikato.villageplumbers.co.nz/gas-hob-installation,1970-01-01
https://tokoroa-waikato.villageplumbers.co.nz/gas-leak-detection,1970-01-01
https://tokoroa-waikato.villageplumbers.co.nz/grease-traps,1970-01-01
https://tokoroa-waikato.villageplumbers.co.nz/water-pressure-repairs,1970-01-01
https://tokoroa-waikato.villageplumbers.co.nz/water-softeners,1970-01-01
https://tolaga-bay-gisborne.villageplumbers.co.nz/commercial-plumbing,1970-01-01
https://tolaga-bay-gisborne.villageplumbers.co.nz/leaking-tap-repair,1970-01-01
https://tolaga-bay-gisborne.villageplumbers.co.nz/no-hot-water-repair,1970-01-01
https://tuamarina-marlborough.villageplumbers.co.nz/cctv-drain-inspection,1970-01-01
https://tuamarina-marlborough.villageplumbers.co.nz/drain-repairs,1970-01-01
https://tuamarina-marlborough.villageplumbers.co.nz/water-leak-detection,1970-01-01
https://tuatapere-southland.villageplumbers.co.nz/water-tanks,1970-01-01
https://upper-hutt-wellington.villageplumbers.co.nz/commercial-plumbing,1970-01-01
https://upper-hutt-wellington.villageplumbers.co.nz/hydro-jetting,1970-01-01
https://upper-hutt-wellington.villageplumbers.co.nz/new-build-plumbing,1970-01-01
https://upper-moutere-tasman.villageplumbers.co.nz/hot-water-cylinder-repair,1970-01-01
https://upper-moutere-tasman.villageplumbers.co.nz/kitchen-plumbing,1970-01-01
https://upper-moutere-tasman.villageplumbers.co.nz/leaking-pipe-repair,1970-01-01
https://villageplumbers.co.nz/bathroom-renovations,1970-01-01
https://villageplumbers.co.nz/commercial-plumbing,1970-01-01
https://villageplumbers.co.nz/gas-leak-detection,1970-01-01
https://villageplumbers.co.nz/gasfitting-repairs,1970-01-01
https://villageplumbers.co.nz/kitchen-plumbing,1970-01-01
https://villageplumbers.co.nz/tmv-servicing,1970-01-01
https://vogeltown-taranaki.villageplumbers.co.nz/emergency-plumbing,1970-01-01
https://vogeltown-taranaki.villageplumbers.co.nz/gasfitting-repairs,1970-01-01
https://vogeltown-taranaki.villageplumbers.co.nz/hot-water-cylinder-installation,1970-01-01
https://vogeltown-taranaki.villageplumbers.co.nz/hot-water-cylinder-repair,1970-01-01
https://vogeltown-taranaki.villageplumbers.co.nz/shower-repair,1970-01-01
https://waikato.villageplumbers.co.nz/pipe-relining,1970-01-01
https://waikiwi-southland.villageplumbers.co.nz/commercial-plumbing,1970-01-01
https://waikiwi-southland.villageplumbers.co.nz/no-hot-water-repair,1970-01-01
https://waikiwi-southland.villageplumbers.co.nz/pipe-thawing,1970-01-01
https://waikiwi-southland.villageplumbers.co.nz/water-tanks,1970-01-01
https://wainui-gisborne.villageplumbers.co.nz/blocked-toilet-repair,1970-01-01
https://wainui-gisborne.villageplumbers.co.nz/emergency-plumbing,1970-01-01
https://wainui-gisborne.villageplumbers.co.nz/submersible-pumps,1970-01-01
https://wainui-gisborne.villageplumbers.co.nz/water-tanks,1970-01-01
https://waipawa-hawkes-bay.villageplumbers.co.nz/hydro-jetting,1970-01-01
https://waipawa-hawkes-bay.villageplumbers.co.nz/water-tanks,1970-01-01
https://waipu-northland.villageplumbers.co.nz/,1970-01-01
https://waipu-northland.villageplumbers.co.nz/24-hour-plumber,1970-01-01
https://waipu-northland.villageplumbers.co.nz/blocked-drain-unblocking,1970-01-01
https://waipu-northland.villageplumbers.co.nz/blocked-toilet-repair,1970-01-01
https://waipu-northland.villageplumbers.co.nz/hot-water-cylinder-installation,1970-01-01
https://waipukurau-hawkes-bay.villageplumbers.co.nz/drain-repairs,1970-01-01
https://waipukurau-hawkes-bay.villageplumbers.co.nz/farm-plumbing,1970-01-01
https://waipukurau-hawkes-bay.villageplumbers.co.nz/water-pressure-repairs,1970-01-01
https://wairau-valley-marlborough.villageplumbers.co.nz/burst-pipe-repair,1970-01-01
https://wairau-valley-marlborough.villageplumbers.co.nz/gas-leak-detection,1970-01-01
https://wairau-valley-marlborough.villageplumbers.co.nz/septic-tanks,1970-01-01
https://wairoa-hawkes-bay.villageplumbers.co.nz/blocked-toilet-repair,1970-01-01
https://wairoa-hawkes-bay.villageplumbers.co.nz/cctv-drain-inspection,1970-01-01
https://wairoa-hawkes-bay.villageplumbers.co.nz/farm-plumbing,1970-01-01
https://wairoa-hawkes-bay.villageplumbers.co.nz/hot-water-cylinder-installation,1970-01-01
https://wairoa-hawkes-bay.villageplumbers.co.nz/hot-water-cylinder-repair,1970-01-01
https://wairoa-hawkes-bay.villageplumbers.co.nz/water-softeners,1970-01-01
https://waitara-taranaki.villageplumbers.co.nz/commercial-plumbing,1970-01-01
https://waitara-taranaki.villageplumbers.co.nz/kitchen-plumbing,1970-01-01
https://wakatu-nelson.villageplumbers.co.nz/drain-repairs,1970-01-01
https://wakatu-nelson.villageplumbers.co.nz/no-hot-water-repair,1970-01-01
https://wakefield-tasman.villageplumbers.co.nz/drain-repairs,1970-01-01
https://wakefield-tasman.villageplumbers.co.nz/gasfitting-repairs,1970-01-01
https://wakefield-tasman.villageplumbers.co.nz/leaking-pipe-repair,1970-01-01
https://wakefield-tasman.villageplumbers.co.nz/stormwater-drain-repair,1970-01-01
https://wanaka-otago.villageplumbers.co.nz/pipe-thawing,1970-01-01
https://wanaka-otago.villageplumbers.co.nz/sewer-line-repair,1970-01-01
https://wanaka-otago.villageplumbers.co.nz/water-leak-detection,1970-01-01
https://ward-marlborough.villageplumbers.co.nz/,1970-01-01
https://ward-marlborough.villageplumbers.co.nz/gasfitting-repairs,1970-01-01
https://ward-marlborough.villageplumbers.co.nz/toilet-installation-repair,1970-01-01
https://washington-valley-nelson.villageplumbers.co.nz/24-hour-plumber,1970-01-01
https://washington-valley-nelson.villageplumbers.co.nz/bathroom-plumbing,1970-01-01
https://washington-valley-nelson.villageplumbers.co.nz/blocked-toilet-repair,1970-01-01
https://washington-valley-nelson.villageplumbers.co.nz/emergency-plumbing,1970-01-01
https://wellington.villageplumbers.co.nz/gas-hob-installation,1970-01-01
https://wellington.villageplumbers.co.nz/hydro-jetting,1970-01-01
https://wellington.villageplumbers.co.nz/pre-purchase-plumbing-inspections,1970-01-01
https://west-coast.villageplumbers.co.nz/commercial-plumbing,1970-01-01
https://west-coast.villageplumbers.co.nz/farm-plumbing,1970-01-01
https://west-coast.villageplumbers.co.nz/hydro-jetting,1970-01-01
https://west-coast.villageplumbers.co.nz/radiator-heating,1970-01-01
https://westport-west-coast.villageplumbers.co.nz/pipe-relining,1970-01-01
https://westport-west-coast.villageplumbers.co.nz/shower-repair,1970-01-01
https://westshore-hawkes-bay.villageplumbers.co.nz/,1970-01-01
https://westshore-hawkes-bay.villageplumbers.co.nz/drain-repairs,1970-01-01
https://westshore-hawkes-bay.villageplumbers.co.nz/shower-repair,1970-01-01
https://westshore-hawkes-bay.villageplumbers.co.nz/water-leak-detection,1970-01-01
https://whakatane-bay-of-plenty.villageplumbers.co.nz/heat-pump-water-heaters,1970-01-01
https://whakatane-bay-of-plenty.villageplumbers.co.nz/hot-water-cylinder-installation,1970-01-01
https://whakatane-bay-of-plenty.villageplumbers.co.nz/hot-water-cylinder-repair,1970-01-01
https://whakatane-bay-of-plenty.villageplumbers.co.nz/shower-repair,1970-01-01
https://whakatane-bay-of-plenty.villageplumbers.co.nz/water-tanks,1970-01-01
https://whanganui-central-manawatu-whanganui.villageplumbers.co.nz/24-hour-plumber,1970-01-01
https://whanganui-central-manawatu-whanganui.villageplumbers.co.nz/blocked-toilet-repair,1970-01-01
https://whangarei-central-northland.villageplumbers.co.nz/blocked-drain-unblocking,1970-01-01
https://whangarei-central-northland.villageplumbers.co.nz/blocked-toilet-repair,1970-01-01
https://whangarei-central-northland.villageplumbers.co.nz/emergency-plumbing,1970-01-01
https://whangarei-central-northland.villageplumbers.co.nz/pipe-relining,1970-01-01
https://whangarei-central-northland.villageplumbers.co.nz/shower-repair,1970-01-01
https://winton-southland.villageplumbers.co.nz/emergency-plumbing,1970-01-01
https://winton-southland.villageplumbers.co.nz/hot-water-cylinder-installation,1970-01-01
https://winton-southland.villageplumbers.co.nz/pipe-relining,1970-01-01
https://winton-southland.villageplumbers.co.nz/radiator-heating,1970-01-01
https://woodville-manawatu-whanganui.villageplumbers.co.nz/bathroom-plumbing,1970-01-01
https://wyndham-southland.villageplumbers.co.nz/freeze-protection,1970-01-01
https://wyndham-southland.villageplumbers.co.nz/gasfitting-repairs,1970-01-01
https://wyndham-southland.villageplumbers.co.nz/leaking-pipe-repair,1970-01-01